{
  "properties": {
    "connectionReferences": {
      "shared_sharepointonline_2": {
        "runtimeSource": "invoker",
        "connection": {
          "connectionReferenceLogicalName": "veca_SharePointRESTAssured"
        },
        "api": {
          "name": "shared_sharepointonline"
        }
      }
    },
    "definition": {
      "$schema": "https://schema.management.azure.com/providers/Microsoft.Logic/schemas/2016-06-01/workflowdefinition.json#",
      "contentVersion": "1.0.0.0",
      "parameters": {
        "$connections": {
          "defaultValue": {},
          "type": "Object"
        },
        "$authentication": {
          "defaultValue": {},
          "type": "SecureObject"
        }
      },
      "triggers": {
        "manual": {
          "metadata": {
            "operationMetadataId": "fed72ad0-0e44-4c55-8434-19ee7ce99241"
          },
          "type": "Request",
          "kind": "Button",
          "inputs": {
            "schema": {
              "type": "object",
              "properties": {},
              "required": []
            }
          }
        }
      },
      "actions": {
        "Get_items": {
          "runAfter": {},
          "metadata": {
            "operationMetadataId": "2ff7882a-6a78-45b4-9fcb-b7c8929d868a"
          },
          "type": "OpenApiConnection",
          "inputs": {
            "host": {
              "connectionName": "shared_sharepointonline_2",
              "operationId": "GetItems",
              "apiId": "/providers/Microsoft.PowerApps/apis/shared_sharepointonline"
            },
            "parameters": {
              "dataset": "https://vecaent.sharepoint.com/sites/cma",
              "table": "1def7cfa-7670-4884-8276-b3ac2c441206",
              "viewScopeOption": "Default",
              "$filter": "Status eq 'New'"
            },
            "authentication": {
              "type": "Raw",
              "value": "@json(decodeBase64(triggerOutputs().headers['X-MS-APIM-Tokens']))['$ConnectionKey']"
            }
          }
        },
        "Condition": {
          "actions": {
            "ForEach_New_Site": {
              "foreach": "@outputs('Get_items')?['body/value']",
              "actions": {
                "SharePoint_HTTP_-_Create_Site": {
                  "runAfter": {},
                  "metadata": {
                    "operationMetadataId": "c6ecdffd-fa12-46a3-a17f-2b29fc6afeca"
                  },
                  "type": "OpenApiConnection",
                  "inputs": {
                    "host": {
                      "connectionName": "shared_sharepointonline_2",
                      "operationId": "HttpRequest",
                      "apiId": "/providers/Microsoft.PowerApps/apis/shared_sharepointonline"
                    },
                    "parameters": {
                      "dataset": "https://vecaent.sharepoint.com",
                      "parameters/method": "POST",
                      "parameters/uri": "_api/SPSiteManager/create",
                      "parameters/headers": {
                        "Accept": "application/json;odata=none"
                      },
                      "parameters/body": "{\n  \"request\": {\n    \"Title\": \"@{items('ForEach_New_Site')?['Title']}\",\n    \"Url\":\"https://vecaent.sharepoint.com/sites/@{items('ForEach_New_Site')?['Title']}\",\n    \"Lcid\": 1033,\n    \"ShareByEmailEnabled\":false,\n    \"Description\":\"CollabDays Utah Demo 1\",\n    \"WebTemplate\":\"STS#3\",\n    \"Owner\":\"fausto@vecaent.com\",\n    \"SiteDesignId\":\"f6cc5403-0d63-442e-96c0-285923709ffc\"\n }\n}"
                    },
                    "authentication": {
                      "type": "Raw",
                      "value": "@json(decodeBase64(triggerOutputs().headers['X-MS-APIM-Tokens']))['$ConnectionKey']"
                    }
                  }
                },
                "Update_item": {
                  "runAfter": {
                    "SharePoint_HTTP_-_Create_Site": [
                      "Succeeded"
                    ]
                  },
                  "metadata": {
                    "operationMetadataId": "98a1da1a-c3e2-4845-84a3-2594ff940680"
                  },
                  "type": "OpenApiConnection",
                  "inputs": {
                    "host": {
                      "connectionName": "shared_sharepointonline_2",
                      "operationId": "PatchItem",
                      "apiId": "/providers/Microsoft.PowerApps/apis/shared_sharepointonline"
                    },
                    "parameters": {
                      "dataset": "https://vecaent.sharepoint.com/sites/cma",
                      "table": "1def7cfa-7670-4884-8276-b3ac2c441206",
                      "id": "@items('ForEach_New_Site')?['ID']",
                      "item/Status": "Completed"
                    },
                    "authentication": {
                      "type": "Raw",
                      "value": "@json(decodeBase64(triggerOutputs().headers['X-MS-APIM-Tokens']))['$ConnectionKey']"
                    }
                  }
                }
              },
              "runAfter": {},
              "metadata": {
                "operationMetadataId": "4551f120-6fe8-4d31-8bc9-d0bd4dc95f0f"
              },
              "type": "Foreach"
            }
          },
          "runAfter": {
            "Get_items": [
              "Succeeded"
            ]
          },
          "expression": {
            "greater": [
              "@length(outputs('Get_items')?['body/value'])",
              0
            ]
          },
          "metadata": {
            "operationMetadataId": "805f5f5b-5eba-47ea-9d37-80043cb9e93e"
          },
          "type": "If"
        }
      }
    },
    "templateName": ""
  },
  "schemaVersion": "1.0.0.0"
}