{
  "properties": {
    "connectionReferences": {
      "shared_sharepointonline_1": {
        "runtimeSource": "invoker",
        "connection": {
          "connectionReferenceLogicalName": "veca_SharePointRESTAssured"
        },
        "api": {
          "name": "shared_sharepointonline"
        }
      }
    },
    "definition": {
      "$schema": "https://schema.management.azure.com/providers/Microsoft.Logic/schemas/2016-06-01/workflowdefinition.json#",
      "contentVersion": "1.0.0.0",
      "parameters": {
        "$connections": {
          "defaultValue": {},
          "type": "Object"
        },
        "$authentication": {
          "defaultValue": {},
          "type": "SecureObject"
        }
      },
      "triggers": {
        "manual": {
          "metadata": {
            "operationMetadataId": "cd67e7b3-47d3-41fe-b7a3-50cbb239e990"
          },
          "type": "Request",
          "kind": "Button",
          "inputs": {
            "schema": {
              "type": "object",
              "properties": {},
              "required": []
            }
          }
        }
      },
      "actions": {
        "Get_items": {
          "runAfter": {},
          "metadata": {
            "operationMetadataId": "fb27e574-37f8-4fd2-98ba-6abdeaa08b44"
          },
          "type": "OpenApiConnection",
          "inputs": {
            "host": {
              "connectionName": "shared_sharepointonline_1",
              "operationId": "GetItems",
              "apiId": "/providers/Microsoft.PowerApps/apis/shared_sharepointonline"
            },
            "parameters": {
              "dataset": "https://vecaent.sharepoint.com/sites/cma",
              "table": "a25a76f7-45ab-41bb-9b08-f9cfb050ded4",
              "$filter": "Status eq 'New'"
            },
            "authentication": {
              "type": "Raw",
              "value": "@json(decodeBase64(triggerOutputs().headers['X-MS-APIM-Tokens']))['$ConnectionKey']"
            }
          }
        },
        "Condition": {
          "actions": {
            "ForEach_Column": {
              "foreach": "@outputs('Get_items')?['body/value']",
              "actions": {
                "SharePoint_HTTP_-_Create_List_Columns": {
                  "runAfter": {},
                  "metadata": {
                    "operationMetadataId": "2235656f-715b-46be-8536-0d61a6dc1a1c"
                  },
                  "type": "OpenApiConnection",
                  "inputs": {
                    "host": {
                      "connectionName": "shared_sharepointonline_1",
                      "operationId": "HttpRequest",
                      "apiId": "/providers/Microsoft.PowerApps/apis/shared_sharepointonline"
                    },
                    "parameters": {
                      "dataset": "https://vecaent.sharepoint.com/sites/@{items('ForEach_Column')?['SiteName']}",
                      "parameters/method": "POST",
                      "parameters/uri": "_api/web/lists/GetByTitle('@{items('ForEach_Column')?['ListName']}')/fields",
                      "parameters/headers": {
                        "Accept": "application/json;odata=verbose",
                        "Content-Type": "application/json;odata=verbose"
                      },
                      "parameters/body": "@items('ForEach_Column')?['ColumnDetails']"
                    },
                    "authentication": {
                      "type": "Raw",
                      "value": "@json(decodeBase64(triggerOutputs().headers['X-MS-APIM-Tokens']))['$ConnectionKey']"
                    }
                  }
                }
              },
              "runAfter": {},
              "metadata": {
                "operationMetadataId": "4a9b374c-f6de-45e8-b1d9-e6fcd549ff0f"
              },
              "type": "Foreach"
            }
          },
          "runAfter": {
            "Get_items": [
              "Succeeded"
            ]
          },
          "expression": {
            "greater": [
              "@length(outputs('Get_items')?['body/value'])",
              0
            ]
          },
          "metadata": {
            "operationMetadataId": "bd6969ec-3c78-4cd6-8135-9078eb61a837"
          },
          "type": "If"
        }
      }
    },
    "templateName": ""
  },
  "schemaVersion": "1.0.0.0"
}