{
  "properties": {
    "connectionReferences": {
      "shared_sharepointonline_1": {
        "runtimeSource": "invoker",
        "connection": {
          "connectionReferenceLogicalName": "veca_SharePointRESTAssured"
        },
        "api": {
          "name": "shared_sharepointonline"
        }
      }
    },
    "definition": {
      "$schema": "https://schema.management.azure.com/providers/Microsoft.Logic/schemas/2016-06-01/workflowdefinition.json#",
      "contentVersion": "1.0.0.0",
      "parameters": {
        "$connections": {
          "defaultValue": {},
          "type": "Object"
        },
        "$authentication": {
          "defaultValue": {},
          "type": "SecureObject"
        }
      },
      "triggers": {
        "manual": {
          "metadata": {
            "operationMetadataId": "d867e10c-144b-4ab9-9adc-536d0fa5b375"
          },
          "type": "Request",
          "kind": "Button",
          "inputs": {
            "schema": {
              "type": "object",
              "properties": {
                "text": {
                  "title": "Title",
                  "type": "string",
                  "x-ms-dynamically-added": true,
                  "description": "Please enter your input",
                  "x-ms-content-hint": "TEXT"
                }
              },
              "required": [
                "text"
              ]
            }
          }
        }
      },
      "actions": {
        "Send_an_HTTP_request_to_SharePoint": {
          "runAfter": {},
          "metadata": {
            "operationMetadataId": "9290062e-765c-4cab-94db-03621f01e667"
          },
          "type": "OpenApiConnection",
          "inputs": {
            "host": {
              "connectionName": "shared_sharepointonline_1",
              "operationId": "HttpRequest",
              "apiId": "/providers/Microsoft.PowerApps/apis/shared_sharepointonline"
            },
            "parameters": {
              "dataset": "https://vecaent.sharepoint.com/sites/cma",
              "parameters/method": "POST",
              "parameters/uri": "_api/web/lists/getbytitle('SPSiteRequests')/items",
              "parameters/headers": {
                "Accept": "application/json;odata=verbose",
                "Content-Type": "application/json;odata=verbose"
              },
              "parameters/body": "{\n  \"__metadata\": {\n    \"type\": \"SP.Data.SPSiteRequestsListItem\"\n  },\n  \"Title\": \"@{triggerBody()['text']}\"\n}"
            },
            "authentication": {
              "type": "Raw",
              "value": "@json(decodeBase64(triggerOutputs().headers['X-MS-APIM-Tokens']))['$ConnectionKey']"
            }
          }
        }
      }
    },
    "templateName": ""
  },
  "schemaVersion": "1.0.0.0"
}