{
  "properties": {
    "connectionReferences": {
      "shared_sharepointonline_1": {
        "runtimeSource": "invoker",
        "connection": {
          "connectionReferenceLogicalName": "veca_SharePointRESTAssured"
        },
        "api": {
          "name": "shared_sharepointonline"
        }
      }
    },
    "definition": {
      "$schema": "https://schema.management.azure.com/providers/Microsoft.Logic/schemas/2016-06-01/workflowdefinition.json#",
      "contentVersion": "1.0.0.0",
      "parameters": {
        "$connections": {
          "defaultValue": {},
          "type": "Object"
        },
        "$authentication": {
          "defaultValue": {},
          "type": "SecureObject"
        }
      },
      "triggers": {
        "manual": {
          "metadata": {
            "operationMetadataId": "cfb45f5c-7f24-4acc-bcf8-0e20e205ee6c"
          },
          "type": "Request",
          "kind": "Button",
          "inputs": {
            "schema": {
              "type": "object",
              "properties": {},
              "required": []
            }
          }
        }
      },
      "actions": {
        "Get_items": {
          "runAfter": {},
          "metadata": {
            "operationMetadataId": "97472acf-18f5-4162-bc1c-111178d92c13"
          },
          "type": "OpenApiConnection",
          "inputs": {
            "host": {
              "connectionName": "shared_sharepointonline_1",
              "operationId": "GetItems",
              "apiId": "/providers/Microsoft.PowerApps/apis/shared_sharepointonline"
            },
            "parameters": {
              "dataset": "https://vecaent.sharepoint.com/sites/cma",
              "table": "a7db3bb7-dce1-4690-90b4-15aa2913839d",
              "$filter": "Status eq 'New'"
            },
            "authentication": {
              "type": "Raw",
              "value": "@json(decodeBase64(triggerOutputs().headers['X-MS-APIM-Tokens']))['$ConnectionKey']"
            }
          }
        },
        "Condition": {
          "actions": {
            "ForEach_List": {
              "foreach": "@outputs('Get_items')?['body/value']",
              "actions": {
                "SharePoint_HTTP_-_Create_Site_List": {
                  "runAfter": {},
                  "metadata": {
                    "operationMetadataId": "d60bc263-1dad-450e-ad9d-084fef9bfb79"
                  },
                  "type": "OpenApiConnection",
                  "inputs": {
                    "host": {
                      "connectionName": "shared_sharepointonline_1",
                      "operationId": "HttpRequest",
                      "apiId": "/providers/Microsoft.PowerApps/apis/shared_sharepointonline"
                    },
                    "parameters": {
                      "dataset": "https://vecaent.sharepoint.com/sites/@{items('ForEach_List')?['SiteName']}",
                      "parameters/method": "POST",
                      "parameters/uri": "_api/web/lists",
                      "parameters/headers": {
                        "Accept": "application/json;odata=verbose",
                        "Content-Type": "application/json;odata=verbose"
                      },
                      "parameters/body": "{\n  \"__metadata\": {\n    \"type\": \"SP.List\"\n  },\n  \"AllowContentTypes\": true,\n  \"BaseTemplate\": 100,\n \"ContentTypesEnabled\": true,\n \"Description\": \"This is the  @{items('ForEach_List')?['Title']} list.\",\n \"Title\": \"@{items('ForEach_List')?['Title']}\"\n}"
                    },
                    "authentication": {
                      "type": "Raw",
                      "value": "@json(decodeBase64(triggerOutputs().headers['X-MS-APIM-Tokens']))['$ConnectionKey']"
                    }
                  }
                }
              },
              "runAfter": {},
              "metadata": {
                "operationMetadataId": "07d82c74-e5ff-401b-a1f4-78c4d21ac156"
              },
              "type": "Foreach"
            }
          },
          "runAfter": {
            "Get_items": [
              "Succeeded"
            ]
          },
          "expression": {
            "greater": [
              "@length(outputs('Get_items')?['body/value'])",
              0
            ]
          },
          "metadata": {
            "operationMetadataId": "bed567f7-6f87-43e3-ab94-ed8961abb5a1"
          },
          "type": "If"
        }
      }
    },
    "templateName": ""
  },
  "schemaVersion": "1.0.0.0"
}